,final
0,8875930.383050617
1,16004299.344699204
2,29863647.750617534
3,15863901.779728964
4,27612622.09967877
5,36152536.8543071
6,1218275.615690129
7,4882809.996266799
8,6719880.302051438
9,66089948.0852816
10,110435104.00062913
11,132398733.76414397
12,22256270.45479339
13,43037223.22440442
14,46437943.69142582
15,14502241.622456998
16,22925046.113401644
17,25828100.747769434
18,9678229.873974938
19,17113760.95517266
20,19272308.79119453
21,8692437.657202544
22,17178518.774823174
23,21257425.84910413
24,15920030.335146178
25,26002150.92851977
26,32617014.963323705
27,2889245.7923853453
28,2889245.7923853453
29,4577085.457176315
30,4615855.679914698
31,4138729.9822572274
32,4138729.9822572274
33,29362175.31637927
34,54243936.35186243
35,72766459.32580507
36,11451181.875216596
37,24226484.953481704
38,30043434.463938337
39,26452639.26730045
40,50142729.86864513
41,74099300.91181982
42,8733808.55444261
43,9863544.64062338
44,13671955.06016834
45,17184833.214725986
46,17318862.024647914
47,18436428.753174532
48,28244622.808362775
49,33467324.581382804
50,25706270.48345334
51,58179784.9220487
52,65942855.293716595
53,67949338.50078063
54,117984738.1172315
55,128845298.18560128
56,138345320.54809803
57,129323205.29535493
58,136209704.11739156
59,146233638.81323677
60,6907250.613053661
61,3705537.802306935
62,11502167.345900385
63,7681053.72955671
64,13295129.113468796
65,7654846.6657358
66,10830614.855768904
67,18306497.676592264
68,28245522.810363363
69,8017788.472205246
70,14173776.58242974
71,29265700.529982556
72,57940744.82988205
73,103017639.99942127
74,1286047.339672816
75,4955567.726643173
76,6855769.321082178
77,16707190.230999704
78,30790861.652543
79,35733224.4655754
80,17706173.931262795
81,28398808.11196705
82,35690315.81850368
83,14482810.042290825
84,23438523.489873875
85,27028983.66587166
86,14713325.459760053
87,26381939.11998547
88,31124366.623667702
89,30340710.872897718
90,28597104.09652198
91,49025960.10278258
92,46638065.412693426
93,71420409.77634613
94,67654725.63706876
95,14693591.022491362
96,24445208.25969337
97,29959185.71470341
98,13749506.33865527
99,21291407.227131844
100,26939543.22248567
101,15795124.944153411
102,19780770.45378484
103,24761099.086992905
104,3511141.8749860353
105,4121598.844726666
106,4417186.20545503
107,5273416.524043718
108,5368348.323692567
109,6184115.745446903
110,7102721.915402656
111,8508864.094063539
112,8200497.8661569655
113,9659784.072568825
114,10063927.021994822
115,12416991.194559287
116,25570470.929663263
117,23818676.784308154
118,21761468.807554945
119,6696196.464115495
120,7531745.574057188
121,62816655.65709602
122,56355669.133020476
123,41399209.57726322
124,18988374.29573278
125,21463763.42065181
126,95599072.62560582
127,74433214.76416543
128,65039926.492803425
129,30014147.94062867
130,32929893.309113696
131,14836934.067673191
132,25274318.60009799
133,34586528.982083656
134,74785368.52287784
135,56509955.27906349
136,136660101.21527705
137,105815547.05440223
138,172182540.90578884
139,135070776.13826302
140,15834459.161934871
141,16341006.471322436
142,10376205.96210511
143,11676264.933959585
144,7709231.240750901
145,8304831.677814199
146,19180667.915462703
147,23611961.16661104
148,15047546.518576544
149,20346365.644742258
150,10979505.406784266
151,12625005.586713716
152,24573284.932758223
153,34642900.99387875
154,21437650.224392883
155,30915454.20514591
156,13967637.265716908
157,18361327.81468957
158,928094.204859172
159,5680615.472114961
160,6625512.376425053
161,2949857.5431234147
162,2874995.645075556
163,3288642.543221415
164,6177936.275967545
165,5832456.57919192
166,6887045.81898351
167,7637956.919956721
168,6760815.867653001
169,8093650.119981898
170,6907530.679713205
171,6404443.214187718
172,7599768.090287743
173,5245014.910895826
174,5153362.7642505355
175,6405217.771321667
176,6536443.122531535
177,6055234.759165047
178,7654207.09421609
179,7964875.286970729
180,15987240.788186643
181,26207865.546447203
182,16167992.13097522
183,26957679.1644872
184,37101005.1119957
185,17616494.011156235
186,26063237.085711315
187,37333165.578106746
188,12229388.396331877
189,17088857.948131535
190,18050679.242919177
191,33069949.81818753
192,25958321.1873632
193,44709153.508191824
194,30814713.095275316
195,56500412.0858801
196,67307453.41197428
197,40117222.799880415
198,57020089.8826598
199,64538067.73113853
200,6045991.675572545
201,4251949.784068206
202,12903476.247481007
203,8911299.804025307
204,16691530.894345254
205,11200877.707663778
206,2872341.589446094
207,5239348.931089646
208,6748331.734594378
209,18092507.37435562
210,28547221.05699932
211,35747267.42433351
212,13294535.909930352
213,23557854.291908648
214,29097597.912901595
215,15534601.864472162
216,22805993.91824467
217,26092428.34710327
218,5431976.26630733
219,10758337.909625936
220,15156063.336890064
221,28475677.43204835
222,55798651.41731011
223,81940375.3263489
224,12641700.145948622
225,20620304.11283123
226,26884060.937802494
227,16212879.989173602
228,25662485.29203694
229,27041963.145295843
230,15147225.324141687
231,21677210.514843255
232,22269884.740663946
233,23920704.02286333
234,2474111.1713461177
235,5947773.974686014
236,6732570.311049325
237,11655091.32308793
238,17553551.60307254
239,26973044.162603106
240,9279886.481073253
241,16494463.944089737
242,25754579.36179124
243,3642483.562244395
244,9265130.051731069
245,12541773.422210736
246,14077028.701475356
247,27184835.17677211
248,39256686.6357875
249,9632905.86688945
250,18375949.51999403
251,24123961.607193083
252,24649218.55965858
253,36381440.99511047
254,49728958.95492311
255,11447967.453016084
256,18465446.103889197
257,22371918.89963658
258,6289880.970214607
259,4512809.4282407025
260,3351655.3430919833
261,4369270.18799544
262,19155078.17897415
263,13138650.580249103
264,7669380.392616809
265,9274582.23238528
266,23905815.06250483
267,17048686.16315034
268,9953268.699955132
269,12419804.646634663
270,18307947.301108904
271,30977852.07232622
272,37851485.28345846
273,615466.6520535129
274,536736.1266424718
275,926033.2892821317
276,1134922.7992424653
277,1438456.1120811272
278,914893.9552771363
279,2010019.847127373
280,2382542.5274769445
281,2320327.115449349
282,1155642.0180624374
283,3039343.1802285425
284,3797359.5836482393
285,5309011.893068865
286,7619253.634254041
287,4762357.190293898
288,4991115.27292763
289,12309255.213552399
290,15245283.765354872
291,10650817.587649757
292,10637819.314785043
293,15728424.526738565
294,20285853.66068743
295,13996445.290172897
296,14139402.994085936
297,12103440.152431544
298,21415817.112849124
299,25698278.666545004
300,2094986.5991621413
301,2438166.756377499
302,3774887.915880414
303,5449903.974872731
304,4757263.445709898
305,6358513.269103061
306,7167704.650209835
307,11101631.563036412
308,12750372.355962794
309,19588694.95440145
310,16749022.621128827
311,24104929.00940437
312,12917094.612061687
313,20827199.333887793
314,29377465.320522964
315,11835807.330604773
316,19382585.904513575
317,12483389.045436095
318,13063304.361957472
319,19707105.97249914
320,23139248.693403594
321,1558114.9559515412
322,5077950.049894078
323,6059194.917624857
324,5466127.8355832705
325,7513841.503880227
326,13446721.11985405
327,9223404.89099836
328,15635966.023665776
329,23499575.493149824
330,13445415.19762787
331,18371303.201847278
332,20243377.08154621
333,25137811.429956272
334,31475993.524441205
335,49376749.07011092
336,66442654.17868796
337,5774036.342615398
338,4569024.449487813
339,9913728.374120839
340,8977253.571746966
341,13397675.493923947
342,13563602.06552371
343,13768567.568232413
344,22740728.303616524
345,27292425.125629075
346,30740663.883981436
347,28726724.42401517
348,50895822.26822747
349,48440924.60590077
350,66111534.12110217
351,62409308.53475082
352,3158005.222040179
353,3445073.610463788
354,3623466.862407564
355,4245800.780498918
356,5091272.5651675705
357,5855395.27634988
358,6174812.3767044945
359,6752982.893415073
360,6932456.408928776
361,8093689.519631297
362,8019238.777106577
363,9769727.398926407
364,13621248.281501312
365,25185757.357973512
366,33107418.942894515
367,15302176.361107256
368,24205046.01103118
369,28775931.36618065
370,12607451.889775
371,21664090.161936253
372,27464138.962953713
373,17117018.356891125
374,25749045.28589212
375,29123124.28625934
376,16769845.416914366
377,32019779.40297428
378,49134942.25268239
379,28696860.936238743
380,23977072.044678546
381,57107937.86732081
382,46809273.384584114
383,83190517.18644471
384,68491448.58851336
385,19625317.29587816
386,43277341.2976411
387,56655319.089277744
388,20816412.95766972
389,38180279.60686424
390,46730646.552986085
391,10501068.851002794
392,18340427.637560625
393,21202768.975827083
394,10740457.89352351
395,21842750.38670044
396,16749341.134825312
397,7248326.828010299
398,9412067.589101024
399,14372005.055013116
400,501815.273608046
401,515150.80983977776
402,911243.2140699644
403,990040.5815324783
404,1650397.6738987
405,1740133.8392342203
406,26265028.168337874
407,40459334.1032067
408,64367687.04806136
409,39374736.783264734
410,46903588.81072724
411,135260522.60334873
412,104980324.92831814
413,42019896.54939222
414,27136645.45626006
415,58990549.80200298
416,17730122.00120362
417,115364264.77091554
418,99172396.25518121
419,242750711.96445996
420,167365497.88169077
421,113392010.80505109
422,62775774.8068098
423,101301021.36762868
424,30483279.14712815
425,62757383.34413613
426,73338661.55807379
427,76494019.29523408
428,139258568.03514558
429,151496991.80884755
430,162967105.44952706
431,201752647.29698876
432,209251013.31566685
433,223739647.58608454
434,4682656.7416594345
435,6470463.241912979
436,4530151.600113536
437,4552735.468094187
438,11666595.691006523
439,14349682.343173172
440,11244353.50410884
441,10901267.275826357
442,15256637.60192521
443,19830190.43487852
444,14761692.871366534
445,15246344.1936774
446,12620420.63919691
447,9778817.560391754
448,8888968.278505575
449,18705048.852256663
450,18013269.865437802
451,17996879.952130456
452,25612120.660418786
453,32614606.97574812
454,28646253.45755965
455,49051913.01470815
456,57462022.98239151
457,96300770.12435672
458,112664048.82255317
459,121873152.86348256
460,150177574.75866628
461,16013631.196405586
462,28241917.75780934
463,35748671.2287213
464,6304879.690418426
465,5334067.140980031
466,10737007.029832248
467,8972155.882848173
468,15433354.936673082
469,15940277.177805513
470,59964907.06591964
471,13491827.072862074
472,163099338.13310853
473,115386446.10397337
474,196801918.46025175
475,172316762.2772819
476,42802164.1516203
477,73153140.99398147
478,99535686.38198239
479,33543135.67480801
480,245177598.31073552
481,111261900.40739761
482,201730948.52570823
483,274172527.78926116
484,108743189.69507423
485,74495684.06272964
486,15178976.888398863
487,25201858.05012312
488,28627582.210733
489,18407143.05741395
490,30262329.086170025
491,33937516.755651794
492,65957929.68895586
493,75821814.50619675
494,15442279.023601245
495,16576971.820898185
496,10213370.653347848
497,12418772.580979077
498,8238854.276092887
499,9866450.091094945
500,19159177.72351312
501,23623119.054677382
502,13961135.865495674
503,19338176.87545719
504,10040336.265377825
505,12294855.764664609
506,26959154.42392271
507,36964220.66525747
508,25716872.102765244
509,34906557.09428351
510,17589940.924355127
511,19866159.230924945
512,3775480.654284785
513,3618860.7099216348
514,6699168.716568906
515,6270000.43489895
516,11389115.592020372
517,11379360.035193805
518,91454701.69809623
519,100401681.30277511
520,117088654.32702771
521,132998494.6160197
522,135280203.29799566
523,160307450.1631062
524,23352838.78260634
525,20985819.743548132
526,41427202.784136415
527,33389227.708809435
528,35752114.99425031
529,26148053.660240382
530,36566668.179868974
531,28703154.112617493
532,70444382.24731073
533,58761289.560205415
534,74739274.3958279
535,52543782.97749236
536,46812243.79294041
537,40084633.64650245
538,84711615.9902601
539,74488934.90773106
540,94441237.20856589
541,71521808.20312941
542,2776990.369136638
543,5038582.797796171
544,6145332.143616939
545,12108335.667611163
546,20809232.23433362
547,33980365.66473785
548,8037501.070320096
549,5480501.426142723
550,5841570.668339921
551,12478953.148307744
552,10680046.836268164
553,8243810.932413289
554,21276837.31745866
555,20020927.08131861
556,14650256.591936458
557,40430986.92616983
558,143276909.8951707
559,41378177.596406214
560,129933282.46297246
561,95522161.5421708
562,23435575.355672706
563,24181985.12214771
564,83862845.58248913
565,216458711.60518554
566,86279682.058049
567,187265808.2504881
568,144070116.32174897
569,69994323.22809622
570,37577880.423006915
571,13357822.213888282
572,20306545.974546812
573,21168241.75682666
574,38414564.019109696
575,30337395.58893332
576,54463664.40483543
577,35721395.04448494
578,68439181.31029208
579,88449355.53442416
580,47339132.68903543
581,57435944.38345979
582,94226058.85037623
583,116394425.04856493
584,125769148.78426084
585,154910024.20369357
586,3892286.2721283617
587,3937214.3512330344
588,6196293.755406648
589,6249448.11296124
590,11817567.745601088
591,12206731.638199888
592,13320931.590175841
593,28463706.803657882
594,36620764.06439026
595,117148858.75685978
596,117337032.73057918
597,248575858.40251726
598,188524465.9277544
599,40416613.049041584
600,23229957.780020207
601,57728365.83758135
602,17436502.27567422
603,113193298.48747464
604,115099054.30820806
605,254956980.34222573
606,189143572.8332817
607,108342643.10549706
608,69142099.02655244
609,94658940.10627973
610,28776446.76163733
611,15845467.309106065
612,16831307.15216161
613,9188539.771723617
614,10793863.505952539
615,7611879.825725371
616,8851952.65076786
617,20948067.481654
618,25017254.90377801
619,14447685.03663297
620,19777048.385301378
621,10718948.668240031
622,12660580.999668516
623,27905632.444479574
624,36347802.36412551
625,23388623.86136545
626,32162688.34678476
627,16258033.572530027
628,20388598.52911842
629,14570689.989531614
630,25268643.97367391
631,32064555.386025354
632,20948489.21755615
633,48059551.193760835
634,62920819.5487386
635,23726983.03926582
636,31163761.79065514
637,40641915.030733414
638,55752324.68798264
639,65090030.815796435
640,67960130.72077914
641,132929392.62832594
642,144798889.8615994
643,154015124.5329367
644,175097430.5589431
645,191110361.96607375
646,206185081.07547766
647,6610540.028363602
648,10808632.27036253
649,6340441.130461782
650,12538996.353507286
651,20593043.541865047
652,11704233.15021881
653,19654834.613809202
654,27639779.778722078
655,15784558.95875413
656,99901028.0486587
657,116406744.8415715
658,134822579.90725744
659,166563446.61754256
660,142387329.25049525
661,166262684.19418046
662,14001707.765514389
663,10518559.157127496
664,9264306.134234129
665,20423588.74473904
666,19485471.567416366
667,17550782.839196354
668,27437497.83547951
669,32398308.001398027
670,29544662.25836733
671,9636897.295244955
672,19493160.642178927
673,20916814.49404618
674,5477799.868663447
675,9162503.963941175
676,13983381.19462943
677,18414345.470411334
678,11202741.744323328
679,17424224.856706005
680,509548.032100684
681,1663463.9679565448
682,30154905.73303441
683,43692468.37951699
684,69953005.76745233
685,1283119.365916262
686,4669844.641044229
687,6661274.803545777
688,11840258.125819596
689,18795564.134037644
690,26217665.343492225
691,9146495.582085581
692,17640813.965602543
693,22602204.40060608
694,15627829.326850293
695,25100080.022427663
696,28959779.48170008
697,12508327.591315523
698,17455322.382127706
699,18091280.026154403
700,33222932.306584977
701,22458536.53690775
702,39216533.09456084
703,13997967.981724523
704,24894134.402483054
705,29112483.293641858
706,4394987.304242039
707,6136377.818654519
708,4073064.562091883
709,4075007.906748399
710,10541399.025201086
711,12403019.789471712
712,9949133.20105372
713,9275713.217541173
714,13862358.610706642
715,17094711.122681838
716,12574530.06042334
717,12827878.545824155
718,13068789.035189554
719,24789650.375566494
720,31891054.713851094
721,1579580.6724164952
722,1728279.8970822606
723,3048774.6011378635
724,3477454.080415516
725,5166893.856286619
726,5941590.102305717
727,16174678.995365817
728,32343485.069664128
729,41544645.92061779
730,15504942.149482977
731,25348388.8171644
732,24824225.056434765
733,28466214.278448902
734,10317923.833165238
735,20641420.235158656
736,10234916.936881665
737,17244194.229113128
738,19467625.04144057
739,5379033.003426197
740,10538643.520885091
741,15583244.796336694
742,8446622.177001007
743,9625904.212913249
744,14035085.612974882
745,16818105.90861217
746,17425431.27316634
747,19789612.01571559
748,27337633.417327892
749,31440957.149818268
750,28125555.411187485
751,14636203.024586214
752,24755882.6133878
753,25434759.382552203
754,817095.7137845755
755,4458205.678380887
756,4844729.368645767
757,29983103.092105348
758,48432263.427558854
759,85599173.99291345
760,12171350.32941312
761,19655434.340686694
762,26902205.84531419
763,10970744.22798578
764,19763647.296175987
765,26774867.533975516
766,4316944.630840912
767,4412858.587663397
768,7034732.406248195
769,7612432.697259328
770,7480095.96390884
771,8388462.497163706
772,8609541.399426928
773,9464563.969045758
774,16399453.015308544
775,27118775.72922203
776,33432500.10318764
777,35715814.49334607
778,54472989.38652687
779,62592643.208680704
780,2918270.093476191
781,5075436.5113418205
782,6498487.223779984
783,7439461.800283821
784,14261402.368268274
785,17535926.368445113
786,267207.1687947582
787,215974.04003790897
788,196913.37973845523
789,155187.62796962558
790,421532.22671973356
791,318078.76629419316
792,292205.42428730486
793,244031.79699028673
794,617302.5982714378
795,469196.65181293926
796,446390.9038149653
797,397277.55067063746
798,451656.26429184794
799,370902.8817995349
800,334615.90635069273
801,277590.18943965825
802,553433.8082254922
803,423339.39815402415
804,393304.7936938836
805,305159.9931547913
806,895118.8893582617
807,648755.8136650537
808,558809.462693464
809,436733.4252888487
810,12495827.75456611
811,20183274.06223862
812,25703263.00086693
813,12969781.02793743
814,22568774.703141835
815,24900123.775694557
816,14381039.637720667
817,23904183.354728717
818,29145426.61571154
819,17598115.015074413
820,18404064.413891766
821,10680666.520686949
822,12229555.563010016
823,7998707.708669154
824,9238347.197655607
825,20428494.187062882
826,25003684.678604126
827,16155105.933072202
828,21040620.19811056
829,11007499.434577256
830,13079784.339392506
831,28941028.332632326
832,35405399.26267628
833,24091149.331395477
834,31942480.867821664
835,15935016.389148885
836,18648353.368052654
837,3942469.1140314634
838,4673067.825163694
839,4813258.133132277
840,5470927.874252169
841,5711845.843459864
842,6659439.589664693
843,6655354.90023037
844,8416281.565776197
845,8366886.062521724
846,9878775.54180467
847,10252668.82511497
848,12263169.656976046
849,32590292.10819776
850,30460855.95643222
851,52349719.53690153
852,49798068.812078685
853,76438673.08249724
854,72807847.43852374
855,59230568.91863509
856,48534696.46778655
857,102518767.00519621
858,88061880.17592038
859,136018169.90921393
860,108075984.10234973
861,5852264.7271493925
862,4907852.897941397
863,3509233.4660524414
864,3660886.174547978
865,13645050.766864203
866,12077298.085553436
867,6918367.211603975
868,8081938.716013193
869,20177018.081473287
870,19080387.980558068
871,11906375.880528316
872,13280063.644964593
873,6895816.675856966
874,9365418.18481302
875,13103783.731942609
876,9648045.785739936
877,18561905.017149933
878,32133517.229853917
879,6610543.955057621
880,12628928.479391629
881,16409667.149453972
882,48417623.055528864
883,68211471.1006806
884,90678547.4682754
885,22116919.802030362
886,39070351.68265565
887,47242246.590728626
888,5671842.835446048
889,4432990.5739060715
890,9738581.027416676
891,8825533.125224818
892,12398050.63507009
893,12377316.852479028
894,13713392.237780549
895,18408679.02617505
896,22123482.630661376
897,1351693.5445594657
898,4839685.056206279
899,6686516.53119857
900,9375591.016946476
901,17942482.515102897
902,23284958.67543494
903,15939640.665309347
904,25461472.1657911
905,29355312.9869785
906,12399288.430682262
907,22747767.192559674
908,30675424.566421166
909,14191533.26528621
910,22816235.153016683
911,26920041.348923087
912,1226174.8506333018
913,6342541.822259151
914,8088747.825831359
915,14862304.52728011
916,29924302.872234643
917,38389220.781567805
918,5984378.890042054
919,10221982.03912672
920,6113412.480611666
921,11046637.918228416
922,18938387.604945693
923,11038000.890490497
924,17822473.162321664
925,25925538.78414395
926,15208389.143599406
927,29973701.30949259
928,61919919.9585305
929,78986432.36568592
930,730571.4465911197
931,736771.2335969
932,1106780.4798853777
933,1356297.0011088331
934,1658431.5288043858
935,1154862.6560199019
936,2487316.628535796
937,2937247.153196939
938,2569881.8280994645
939,1362567.9441153652
940,3265073.3750313045
941,3936946.1666485276
942,11540545.042674452
943,3865159.700570856
944,18647216.807066508
945,6646310.594452658
946,21986224.564721774
947,8285298.361249786
948,5155409.16497082
949,6249202.670683881
950,10359736.611624237
951,11133609.686464865
952,10899414.11336539
953,11161463.399061047
954,2445352.294504396
955,1707480.0626219485
956,4116341.2848200444
957,3309810.9113406725
958,6801087.958072125
959,5906091.478496396
960,1600590.5274405377
961,4592249.538231071
962,7019539.70371218
963,14882086.793902054
964,30555259.575730734
965,41229090.38509857
966,3475130.4208128173
967,3560490.0626580953
968,7445157.7431453355
969,7239925.760866789
970,10239910.340759583
971,9886707.46292866
972,64918057.73542244
973,129874992.93508933
974,6171173.805495468
975,6171173.805495468
976,9527481.171210635
977,9527481.171210635
978,10361988.059118137
979,10578551.818163466
980,5068530.855324287
981,2672661.3297302355
982,10501122.637576908
983,5663199.666889512
984,13638910.67951665
985,7309355.783441549
986,203825.82046138897
987,539362.8495710772
988,867171.2601740609
989,685327.9031873085
990,669033.3159759119
991,857584.5332874367
992,6791248.50191134
993,3919899.3956139917
994,12614326.55889741
995,8646287.57776801
996,15786664.47403538
997,10290253.841732176
998,3074027.706495078
999,5415585.671006447
1000,5921747.9891039375
1001,6286314.300102392
1002,13174745.771412907
1003,20806634.534039717
1004,16727704.408194404
1005,29443642.85196648
1006,36645151.826916605
1007,21845352.714763343
1008,34349549.443851635
1009,44231072.35414579
1010,11059308.684990706
1011,10450595.433251116
1012,9550358.779598001
1013,9815953.469567988
1014,8830304.755649539
1015,9277970.045026459
1016,8843589.0284579
1017,10367781.462868348
1018,13493584.084801856
1019,13570183.48240954
1020,12498801.461893452
1021,13960599.874866074
1022,14331640.526182674
1023,14938141.080441339
1024,13144157.020001775
1025,15636932.665152349
1026,19383071.68051585
1027,19280248.954928786
1028,19754073.93469782
1029,19911188.65104002
1030,20058840.927987296
1031,21135221.909045406
1032,17648814.040746458
1033,23796559.648383558
1034,57878247.14663832
1035,64822762.599219546
1036,106071357.55887938
1037,116974515.18556346
1038,121945492.86627702
1039,144392483.07155177
1040,17526554.67656395
1041,16885373.910857685
1042,11112301.098799082
1043,12440772.58335054
1044,7937882.318443047
1045,8403352.832833206
1046,19097511.43813189
1047,20018090.866510272
1048,15202888.916679163
1049,19222966.727817263
1050,10346938.684904974
1051,10790447.768321786
1052,23624721.671748996
1053,28281381.586449638
1054,19471105.3807336
1055,26245244.47884409
1056,12755907.867977565
1057,14666644.20798433
1058,10191155.751517499
1059,16905923.246203773
1060,17674726.805912018
1061,7362831.634187475
1062,9085439.069072288
1063,17399296.51064645
1064,2572248.5821954124
1065,4449464.256836994
1066,5855643.82378867
1067,10160518.72423539
1068,12637522.091140509
1069,19596467.816294294
1070,14519826.908533715
1071,23263407.266239844
1072,33074137.262165077
1073,12268748.946726106
1074,22607128.7525648
1075,31136449.765049014
1076,29452308.84529776
1077,53600849.54320893
1078,69893310.34573655
1079,1005624.7232476978
1080,2603943.6927481634
1081,5835396.670629785
1082,1711879.6015369985
1083,5285203.556513278
1084,11717911.786806889
1085,2404309.3629063163
1086,6926122.954340621
1087,16341037.025796767
1088,20313385.330610465
1089,28372959.468628936
1090,32748548.91152368
1091,620755.2998454317
1092,556543.9238769126
1093,951736.9430678411
1094,1185879.1256994866
1095,1290240.0801488722
1096,885967.1501997651
1097,2013761.6199463839
1098,2388900.5658812863
1099,2112298.2937352643
1100,1157318.07317945
1101,2734196.49365473
1102,3318458.198510501
1103,14112370.538658196
1104,31624526.158544995
1105,40032285.84811123
1106,14307283.339191094
1107,23691820.60356018
1108,29961269.03508479
1109,13510844.611397289
1110,23764636.721757714
1111,29830995.54514516
1112,12319186.41666073
1113,18083796.89694515
1114,23446004.879817296
1115,509737.1365895602
1116,557857.8793188583
1117,1053364.334540671
1118,1238892.0804628835
1119,1700624.9056603066
1120,1853577.4418782985
1121,26238611.658582307
1122,49675833.215124205
1123,65970402.83029305
1124,7759398.818838125
1125,12409389.28153525
1126,14314789.462077698
1127,21410651.358941954
1128,19857268.811453573
1129,28296541.631173696
1130,3843651.1279970827
1131,3645820.400277118
1132,5681928.352820452
1133,5908185.906120974
1134,10944779.758996373
1135,11343066.191446729
1136,7317651.357594591
1137,14682697.124323983
1138,16391689.563272964
1139,4948816.7849847805
1140,5621058.414025983
1141,8179023.376898996
1142,9457147.982471919
1143,8631240.898056302
1144,9229269.599738467
1145,32101981.581650123
1146,30756233.653468367
1147,32101981.581650123
1148,76600562.66577077
1149,71924196.47286475
1150,76600562.66577077
1151,163937953.62568393
1152,159557239.06049532
1153,163937953.62568393
1154,14309748.221777398
1155,26506226.866161328
1156,40196202.63723713
1157,30270114.83768199
1158,5245988.43387094
1159,56829363.18768975
1160,9504891.626874506
1161,78584138.92810091
1162,11768637.30527722
1163,27248146.432438686
1164,48238173.760790646
1165,57764886.540757686
1166,15847802.310826998
1167,35453342.89605634
1168,48484176.15547115
1169,14404474.742244245
1170,22057553.92785716
1171,22353104.280270614
1172,39403402.02231096
1173,28725905.855052806
1174,50223163.30168274
1175,32662363.609512024
1176,60362587.35561271
1177,81709331.89912629
1178,38975984.56793456
1179,47591997.37915017
1180,133153913.62276694
1181,101536864.79705463
1182,40139331.56795924
1183,24536038.683446184
1184,55910224.63945479
1185,17494201.54380548
1186,103923703.39964005
1187,92893943.99795486
1188,228128606.2493136
1189,154577110.16712523
1190,99758078.60203242
1191,56125771.37638154
1192,91264243.18089715
1193,27989284.91844079
1194,109979691.75721139
1195,277728171.1650416
1196,18488240.703692637
1197,29322579.62286623
1198,37487666.06511145
1199,15110153.842897788
1200,25027945.94210381
1201,31379056.909446243
1202,10936809.922474384
1203,22127603.148526438
1204,16732273.32755816
1205,35417199.492876455
1206,46639204.54572858
1207,29045149.91331563
1208,43150911.675621524
1209,59258051.78466712
1210,54314587.49104476
1211,12875648.525103712
1212,144635694.20615938
1213,106432837.91498539
1214,188940231.57267568
1215,156910810.1120825
1216,39719294.51966817
1217,67505415.02186811
1218,86802719.27727735
1219,28975553.261759333
1220,213350633.94153008
1221,101169456.52169627
1222,191348808.5080616
1223,247365380.54347196
1224,100046687.99357554
1225,69949302.25619726
1226,14205229.436005495
1227,10699918.18108572
1228,9281193.398816396
1229,20597706.790845253
1230,19971621.13507298
1231,18648913.915395252
1232,26132942.64747423
1233,32900799.23720991
1234,28681456.148310438
1235,53886537.81328306
1236,62876597.53040859
1237,102468513.1468264
1238,122335660.04260394
1239,129705777.78648067
1240,165069861.94543213
1241,5292765.21783955
1242,7537452.548574101
1243,14843268.139619753
1244,7823378.125180768
1245,16690794.029246602
1246,31030608.464523472
1247,66976567.527171224
1248,112701532.32770279
1249,164145831.82402074
1250,21374451.678035032
1251,40718284.45642526
1252,51769066.797552265
1253,62278121.872356385
1254,72104357.73708525
1255,75658347.8251229
1256,140373878.86680204
1257,151901001.82747337
1258,161883839.7401757
1259,206230975.80380803
1260,207776792.51843166
1261,220362489.31893545
1262,3090903.705669349
1263,5633113.863316046
1264,7804622.21864096
1265,3878877.8890487896
1266,4432455.424612319
1267,4800245.533481274
1268,5668114.409120187
1269,6156147.8696164
1270,6849286.509617507
1271,7427841.102796992
1272,8971361.41468432
1273,8777001.332029715
1274,10406800.404567491
1275,10600397.985877872
1276,12894106.089472713
1277,34637479.02048302
1278,33284031.628203273
1279,56536514.8378225
1280,53645671.287170775
1281,93190322.45343034
1282,89055630.42610376
1283,11684378.389380153
1284,25198927.643552452
1285,32979156.41615809
1286,17737806.202068165
1287,17929344.066400032
1288,11160920.326640375
1289,12903184.21094693
1290,8107041.980748333
1291,9618808.243314542
1292,22109533.404965505
1293,24666590.336271644
1294,16686920.920873526
1295,21938021.962489046
1296,11540316.90155489
1297,13698669.569922294
1298,28511604.969190165
1299,34992506.95241892
1300,24558655.70690997
1301,34790614.444158345
1302,17252445.01287812
1303,20891541.775331814
1304,23968824.60390575
1305,41661644.53704212
1306,51420558.202886894
1307,2358445.485616378
1308,2991382.1967888977
1309,4324992.868766498
1310,6671187.854031829
1311,5177356.013581807
1312,7104476.003085301
1313,6951800.76282314
1314,5319575.134421488
1315,10904826.257876467
1316,9903756.185354806
1317,12683063.367286231
1318,12816596.561329605
1319,32427693.306319408
1320,61209379.260643855
1321,88689784.0848585
1322,35115599.90165357
1323,37788165.40746433
1324,130041397.41361913
1325,91542675.98236617
1326,40194453.83838018
1327,22225255.229496386
1328,55285240.95997237
1329,16893070.680437475
1330,104669853.6345164
1331,105383632.09757718
1332,233453396.59482664
1333,174683391.79311013
1334,100347869.78327377
1335,67406766.65726069
1336,93911174.9832426
1337,28122242.93381712
1338,22000083.346210178
1339,19937552.00275658
1340,36942256.44891374
1341,29832503.97103065
1342,32081854.221473996
1343,25884419.22881374
1344,36633309.93384656
1345,28435242.02219876
1346,66489047.72695266
1347,57023373.48351024
1348,71691884.58086312
1349,53744905.04246433
1350,52277198.15816668
1351,45867267.19538918
1352,92473455.62108877
1353,81029720.84246078
1354,97526352.74086756
1355,79432097.52446291
1356,54106178.42105885
1357,67551797.84542315
1358,110944835.16693105
1359,138571663.9732694
1360,141261452.13587794
1361,174011517.45441157
1362,16766987.612245655
1363,37409766.16294898
1364,48648179.59554746
1365,7376477.72902216
1366,14976280.360324748
1367,11684547.354085358
1368,8067206.297072431
1369,14484590.733727489
1370,30511564.581546344
1371,1324825.0153112398
1372,4781100.67804706
1373,6726211.9660824165
1374,19740678.50574989
1375,33004733.311617717
1376,44932159.920460775
1377,918193.2693004233
1378,5370738.280864196
1379,7191562.88871498
1380,12994258.776135106
1381,21081804.38882967
1382,25655200.528793
1383,38468968.76241357
1384,53657536.25635893
1385,60791074.24247827
1386,6433199.35426184
1387,4519258.722225595
1388,3289264.833537698
1389,4204989.760165691
1390,18996397.107873693
1391,12847951.315823048
1392,7521306.725277316
1393,9039794.696319206
1394,23681544.89548022
1395,16566551.76527913
1396,9956899.236990942
1397,12366082.597781394
1398,14730707.277470242
1399,29399705.733256444
1400,36974680.27625887
1401,2961933.4993295795
1402,5207577.234125979
1403,6571960.681662837
1404,54057885.23682697
1405,77153078.57915263
1406,89923451.03136362
1407,1161962.4513722153
1408,6731515.224652946
1409,8819294.981783241
1410,14387650.419617489
1411,23600324.74922385
1412,26385162.41491022
1413,5336040.72357366
1414,10403302.280112222
1415,14290583.752049241
1416,30012704.979645222
1417,25517397.961146947
1418,61097214.531420186
1419,48649940.93073209
1420,90842992.41075821
1421,76844262.96668622
1422,62379279.27777295
1423,65956179.82620038
1424,67388244.80209842
1425,124419141.16195211
1426,129453833.79893106
1427,137947449.3734432
1428,165107019.80578554
1429,169499291.510224
1430,183807593.7635089
1431,16885848.05103236
1432,33146286.073803633
1433,40417835.03581853
1434,9208866.264397325
1435,12421679.460435094
1436,17799854.295486405
1437,9506505.449628081
1438,18866818.161030535
1439,30039825.484791577
1440,3923076.435279049
1441,1068236.5325541801
1442,7462145.10970944
1443,1632831.0393447913
1444,11084548.254245237
1445,2240851.279975188
1446,10391122.639389439
1447,21912334.406353563
1448,29444018.319719862
1449,12719104.058688069
1450,21820509.73891752
1451,28190248.11441078
1452,29216445.665416714
1453,27535589.19881876
1454,48672300.841564775
1455,47111623.34749915
1456,69066966.14136682
1457,65961970.31235512
1458,10514691.559692863
1459,23721812.159807805
1460,27172119.44355497
1461,14921615.946998809
1462,8391974.827219209
1463,23470938.97287093
1464,11034856.596562924
1465,30105426.427216377
1466,15983848.470018195
1467,5919305.93299471
1468,5683523.72354802
1469,5002319.33232519
1470,3735383.027320561
1471,13321925.177243667
1472,12303399.56148259
1473,10988588.949362615
1474,7620109.999813009
1475,16753506.843740355
1476,16110576.499574296
1477,14283086.519958567
1478,11400751.77064246
1479,4611678.439759348
1480,9247592.768786428
1481,17041116.324621197
1482,22339235.662117578
1483,42526962.60724265
1484,53176099.74965592
1485,11831604.256385723
1486,19258907.131658822
1487,22790368.448388517
1488,12970311.384303782
1489,19119429.429709237
1490,25886674.9609897
1491,5843071.446301473
1492,9822817.674766678
1493,6307624.22274881
1494,10615142.402752249
1495,18741364.59549331
1496,11501826.405120336
1497,15921561.307947095
1498,23539869.887793686
1499,14754353.362680383
1500,29185140.59581191
1501,56116790.96604287
1502,80189487.09959573
1503,53805139.14897826
1504,67031077.776801385
1505,108107960.96843795
1506,122251855.44116062
1507,123500507.12955232
1508,146295127.8461066
1509,20655844.963149942
1510,31255466.70658443
1511,35019557.5503428
1512,12457637.108144486
1513,14507326.897578802
1514,23004258.71825674
1515,9652984.72573533
1516,18803855.761574335
1517,35160421.592105955
1518,16592884.244978085
1519,24910273.59232828
1520,35595062.85770857
1521,12463247.029420152
1522,21867849.367906164
1523,28381944.630276617
1524,30612812.972170457
1525,42169101.47004281
1526,51695131.23449767
1527,14084716.599447351
1528,23675916.775492027
1529,28551544.938110135
1530,18052076.242787834
1531,27971995.33844771
1532,31200658.57102537
1533,2792798.65971832
1534,4862167.398166599
1535,6342323.907237768
1536,2174138.0892291204
1537,1772091.8007391496
1538,513024.20581473917
1539,1454257.1670251475
1540,2855068.789166531
1541,2804311.9920384567
1542,809919.1203400325
1543,3706678.6460657055
1544,3236866.3257093118
1545,3190486.455767194
1546,1035426.7501059372
1547,4837457.512146033
1548,11983582.795240678
1549,21913688.451668985
1550,27583048.780668043
1551,14684171.778480593
1552,31138115.931226544
1553,37329439.17039755
1554,11290211.46806201
1555,16383270.479696698
1556,17066448.497704938
1557,31080313.574606568
1558,24279352.046449184
1559,44505670.977168635
1560,5518436.541993689
1561,8441769.61798027
1562,9327246.88662668
1563,8887825.339950992
1564,9007543.903622698
1565,12488203.978907773
1566,5334612.603740018
1567,4598916.370950069
1568,9497440.994640362
1569,8922652.315410659
1570,12422165.931480354
1571,13039504.505744059
1572,12908626.646018645
1573,22262524.239288174
1574,32565319.555825636
1575,12310968.349750087
1576,9232083.2955321
1577,7913606.265655237
1578,16545951.922998294
1579,15975730.536818799
1580,15235009.640299749
1581,22744287.858899288
1582,28842277.18345494
1583,24185815.795147963
1584,3598657.060297729
1585,3345031.7851564395
1586,3788806.157783636
1587,7441230.630905196
1588,6795538.366917587
1589,8299286.496251999
1590,9953495.61587823
1591,8545813.107333133
1592,10633966.504519166
1593,8824498.494446285
1594,7933014.340012552
1595,9725620.148216318
1596,8802470.411197191
1597,7724349.8862258615
1598,9995653.544700705
1599,11233171.994075809
1600,9689931.488750426
1601,12442398.515209919
1602,8424390.83731009
1603,10014316.315792555
1604,16325096.381868787
1605,5397756.937675752
1606,9103133.249275373
1607,8477818.91420984
1608,14362574.460463129
1609,16194992.27392208
1610,22190026.214047797
1611,3565788.5705891903
1612,5546914.551121959
1613,8010517.811068082
1614,12799885.348853905
1615,12454461.284152823
1616,19181870.552799106
1617,12962878.807600249
1618,24054719.16961123
1619,34492442.9247866
1620,25472146.413733438
1621,22863505.67067663
1622,44040733.53969074
1623,38227238.91029764
1624,62662590.98918619
1625,54773807.08158758
1626,12216496.272262717
1627,19872559.64176789
1628,25766978.009083427
1629,12076131.280831497
1630,23231866.346224397
1631,27970624.371365644
1632,3965556.338425789
1633,2809074.901817673
1634,6663420.039506143
1635,5221570.308573573
1636,8344288.37796854
1637,6197202.60897723
1638,14492531.919541106
1639,23667217.5654217
1640,30451921.360112812
1641,10245833.461971156
1642,22572378.19722019
1643,30829178.900791176
1644,13090441.92084237
1645,6199932.331093531
1646,27971771.575943187
1647,15255409.725127723
1648,37140499.202216536
1649,19460845.497634437
1650,1378583.6835550345
1651,7713461.112479562
1652,9796182.996131187
1653,14881279.46618466
1654,24846920.654539004
1655,29529553.194384646
1656,5321377.623738436
1657,3000095.638102729
1658,11239524.34670693
1659,6285883.130437511
1660,14435122.406261737
1661,8038774.636350866
1662,14960119.39200721
1663,26567508.609116733
1664,32056548.9146405
1665,20434395.039621282
1666,19283042.823248643
1667,34633828.7430183
1668,29554706.694478072
1669,29995175.08296124
1670,23954584.62573245
1671,32831682.86642439
1672,28100640.795769252
1673,61342322.146071054
1674,55470007.97189633
1675,67584536.72274908
1676,50984416.389408946
1677,46801651.26780127
1678,44399367.604305685
1679,81459982.74776459
1680,79889336.4635522
1681,92192236.27982369
1682,77916509.46279843
1683,62869527.993808575
1684,75993771.93480857
1685,113704202.74209854
1686,136166456.96352893
1687,132422043.52745697
1688,168112420.10626936
1689,4377784.803114873
1690,5378975.0706728045
1691,7105866.093768662
1692,7891912.131952545
1693,11045966.570478119
1694,13122597.086857893
1695,7411318.04754445
1696,10521399.380380083
1697,17682775.84260658
1698,1094833.0888611437
1699,4325817.180542434
1700,6471800.18651993
1701,14066854.10430641
1702,21783256.489535328
1703,28568391.50296262
1704,1135541.5822938308
1705,4336617.341563217
1706,6164290.712857308
1707,12229742.057539549
1708,20040330.117794365
1709,25963155.55488115
1710,42941087.31330473
1711,67785487.76874705
1712,79963274.89257877
1713,4752449.207268271
1714,6393877.9643595535
1715,4646034.216910678
1716,4731090.817387433
1717,10682982.738769747
1718,12810371.86569113
1719,10485522.644570973
1720,9886645.08233328
1721,12503879.060461871
1722,15379267.627384193
1723,12153179.826385181
1724,12205296.066142384
1725,7146078.3199262
1726,5714910.793370782
1727,12283258.396981556
1728,10828085.37793041
1729,17705389.120634723
1730,14565315.848803677
1731,9100975.608061329
1732,16862529.471744694
1733,22126298.199155636
1734,22930170.867937762
1735,40333673.968611605
1736,51395905.458862685
1737,7037669.237549118
1738,13831379.756163366
1739,12095632.431556765
1740,30262696.680162366
1741,15984002.815718383
1742,41166131.92686994
1743,29576189.832204532
1744,52844458.39761696
1745,64466374.39727215
1746,13759398.566453408
1747,22627803.71929635
1748,25574171.991424818
1749,13606397.121807577
1750,17394145.135347985
1751,22173927.481958345
1752,6971668.13470855
1753,13594101.807957996
1754,16916696.33558325
1755,26692900.881561883
1756,50194072.26909053
1757,73301950.0615856
1758,6367303.523632274
1759,10418235.20416341
1760,6722673.570637897
1761,12322985.72617228
1762,20409125.177726686
1763,12583614.492649581
1764,14967055.76449914
1765,24036731.430016845
1766,14454469.557097204
1767,9264169.662008937
1768,8016376.749497357
1769,15914653.528996456
1770,14489398.778348505
1771,29149414.031161435
1772,24796897.113082938
1773,2523153.7733129538
1774,5778115.085822584
1775,6982053.138823229
1776,460339.81474164873
1777,478347.79408676387
1778,856594.7915463534
1779,954299.9417964603
1780,1564124.8181638294
1781,1677204.4643881652
1782,14510365.629664294
1783,26445904.923503295
1784,40278956.08521612
1785,39278034.31198156
1786,66074613.83335914
1787,87263393.48771065
1788,2209579.7723260317
1789,2934364.044253899
1790,4097948.727812549
1791,6652004.192293907
1792,5349285.931507031
1793,7944700.69739737
1794,2994260.9019272104
1795,5600733.63184843
1796,8013006.232923837
1797,37135050.04931152
1798,149931069.1864226
1799,40083382.588571586
1800,128999646.8200129
1801,91253422.01771182
1802,24290651.608854767
1803,26199380.295439012
1804,102495111.22235642
1805,224342007.36349052
1806,107976307.71604478
1807,216637535.3434835
1808,160292819.06363174
1809,72679518.98337153
1810,38558633.291476235
1811,12465100.354326423
1812,22758477.38834261
1813,30608176.79918816
1814,9063979.674153179
1815,14074882.553083114
1816,17358544.98709595
1817,23661020.897084706
1818,19549335.15929725
1819,27668766.12674822
1820,19500822.40647915
1821,39104924.13365463
1822,54898730.138766915
1823,3389873.117067933
1824,4226384.298757981
1825,5682790.064701034
1826,7173251.302856031
1827,10798976.028384903
1828,13055837.16667791
1829,16355050.858389156
1830,30709334.49785988
1831,35895896.76516825
1832,13661373.720531777
1833,27404572.0744611
1834,31949943.32359732
1835,27235808.24789333
1836,67450275.35194671
1837,54677040.19169657
1838,98615046.03277174
1839,82785802.54439414
1840,27679979.837756373
1841,42131568.04861218
1842,59108683.102632895
1843,9674732.938384151
1844,9467450.965103365
1845,9253124.748430014
1846,8558693.256183289
1847,13825112.687755868
1848,12786858.08746087
1849,14061588.550300872
1850,13567182.988457602
1851,21164962.867730968
1852,18704748.783903588
1853,20383577.89707823
1854,21440721.718004256
1855,33069125.705689944
1856,31577935.236854985
1857,58675142.58123689
1858,53670801.25061679
1859,81152183.86386418
1860,76523232.33045039
1861,28920177.980565857
1862,56177912.538088486
1863,76937033.28598684
1864,13320574.10529039
1865,27903282.417144507
1866,30464556.1300542
1867,11991080.31974742
1868,20291786.764644556
1869,20604733.930710174
1870,17438981.786720596
1871,2241615.6296038968
1872,2305418.9904600796
1873,2234603.292668367
1874,2316070.9433820904
1875,3929038.1821966115
1876,3945738.7784227505
1877,17360819.811947625
1878,33658802.85507024
1879,55139878.93880082
1880,11633849.729561362
1881,16981243.177103467
1882,18443963.688028153
1883,31832033.247394472
1884,30071779.797020845
1885,54773634.6883506
1886,15510031.409402689
1887,29735599.23810243
1888,38080111.97376017
1889,14255595.800110683
1890,30805430.69028191
1891,38143176.78487017
1892,62329808.55300636
1893,70225467.84749871
1894,75162420.53479168
1895,142742645.88405126
1896,148424577.4393675
1897,159310629.7516984
1898,199473422.78481355
1899,208432094.49001747
1900,222272056.96367657
1901,7722293.414173096
1902,12161896.120360259
1903,7499117.3269760255
1904,13997008.962547444
1905,22529400.688021548
1906,13550038.64368466
1907,17199416.597953483
1908,27311929.506377827
1909,16615708.540095584
1910,10801654.579986434
1911,22865640.011871602
1912,33303392.61409691
1913,20239958.6879277
1914,49441337.055335365
1915,20545797.561551973
1916,162139626.8698803
1917,40795596.17224057
1918,39913125.17787257
1919,38943928.70831715
1920,71004083.61524126
1921,54575783.65276
1922,257009279.9956451
1923,97714605.0514675
1924,101883375.84266576
1925,53874957.21273834
1926,103473191.98844993
1927,72820059.4908199
1928,329929467.3228327
1929,115289812.23787828
1930,117993115.15030703
1931,23335313.468726568
1932,40775596.08231774
1933,50587965.520616025
1934,21384540.1159621
1935,40914545.50513015
1936,48833333.39899081
1937,3679706.0221860874
1938,4611001.66709038
1939,5652313.852002978
1940,7130783.455448934
1941,11043022.232200142
1942,13914776.922417533
1943,199409.72470953348
1944,520852.88694460737
1945,878472.1127866643
1946,648602.4816773323
1947,676715.3223229914
1948,977298.1349874963
1949,23386834.178776182
1950,19925334.035353117
1951,37731513.21287994
1952,29724652.344000205
1953,34482376.37886594
1954,26509946.69338219
1955,35846836.42467369
1956,27111545.83512336
1957,64177574.81706271
1958,55807494.294772424
1959,72687214.8367761
1960,52834436.47112515
1961,53339911.69312093
1962,47282831.54883346
1963,92288735.6973231
1964,86298806.43564907
1965,103577381.42354175
1966,82977554.86993676
1967,9996017.158315457
1968,9559249.059371326
1969,18135409.903885
1970,18064373.399368018
1971,30283752.701885007
1972,27730622.360589974
1973,52877738.93317662
1974,61962362.05365235
1975,96929949.78513443
1976,116338526.33852592
1977,122468669.05167992
1978,155239009.2891252
1979,17819986.739070248
1980,30279173.907684606
1981,31847131.897296295
1982,5593088.594039447
1983,8715070.738292892
1984,13286000.781445973
1985,24579155.471540645
1986,38182967.353336245
1987,10935472.213922234
1988,21795377.25573995
1989,27986108.32354235
1990,1169922.1305859468
1991,4462084.257157072
1992,6469291.696770096
1993,4340147.66823554
1994,4264197.5089932745
1995,6775548.222155683
1996,7077937.421239099
1997,7215475.870001512
1998,7785101.142292619
1999,8425321.04505237
2000,8728353.752535315
2001,14774001.900592342
2002,25335084.759869095
2003,30758305.159022003
2004,28904000.496518012
2005,27081901.81852467
2006,46366230.5286798
2007,44666706.4189666
2008,61340582.16061528
2009,59022003.28623976
2010,13400751.324774547
2011,21699887.52867196
2012,26685848.72937931
2013,4945100.22537459
2014,2581562.9239119515
2015,10381288.867445545
2016,5540145.6457979465
2017,13688270.225663763
2018,7398593.349457152
2019,8769256.663992053
2020,16891855.7415151
2021,21455560.78689451
2022,7439148.624177626
2023,14481278.25294048
2024,17529647.689419437
2025,194652.10029189574
2026,497655.3062382168
2027,840389.8794877724
2028,623443.5834676728
2029,699829.2052648887
2030,878184.5016892717
2031,21703913.05346112
2032,33698202.445207536
2033,46002840.10054923
2034,27305041.893249363
2035,22675513.35107158
2036,55484006.83692645
2037,44452798.397419065
2038,80001043.63637735
2039,64659443.76348247
2040,10155255.366348078
2041,21067991.935243137
2042,28250425.077195726
2043,6986604.282069387
2044,9721932.638081443
2045,15232581.65745809
2046,11467030.158192128
2047,15322283.241790863
2048,21637265.815022647
2049,20027442.2979226
2050,25637922.294984244
2051,29039979.48247975
2052,10280499.679103952
2053,16744774.885763012
2054,19004137.75517553
2055,2397040.4676740444
2056,2428990.224016357
2057,2797793.547765383
2058,4384247.628672651
2059,4289073.68289441
2060,5374032.085072628
2061,5633628.789559096
2062,5267646.468287904
2063,6488483.301455544
2064,3068136.966956274
2065,2940037.8494506176
2066,3758019.6278269337
2067,5083737.968987633
2068,4553708.688507915
2069,6368858.984107604
2070,6189381.637045726
2071,5449146.58438248
2072,7530654.116074227
2073,1117678.3486320395
2074,5072554.558685354
2075,8496052.906173801
2076,25519970.61467734
2077,40722331.706515655
2078,54045783.49791455
2079,11139879.328219038
2080,15156640.864202064
2081,15627990.746681625
2082,28491963.24402094
2083,23437624.931002166
2084,41544456.73204167
2085,13971840.574018383
2086,21799003.20291128
2087,29026942.04767926
2088,13540616.565626517
2089,25596252.042032406
2090,32055047.948724784
2091,6617279.443017235
2092,4454142.3151064385
2093,12177162.151890181
2094,7721419.622491588
2095,14404065.877764385
2096,9457214.126365727
2097,22146356.329555374
2098,39158844.35527677
2099,50712396.4313487
2100,4750361.9834893
2101,3001719.41192259
2102,9005539.059332049
2103,5622493.191040754
2104,11632206.701881755
2105,7116614.018599874
2106,6759759.509817947
2107,13310492.156364808
2108,15842194.839004274
2109,12541711.571291178
2110,22204949.065788597
2111,28332226.69190278
2112,507652.58942530944
2113,444177.3801560695
2114,761022.6935602374
2115,697206.5421042345
2116,1432149.8062939076
2117,1172186.9790816475
2118,13352509.459678525
2119,22149102.26108701
2120,28533051.8406537
2121,75532537.17143428
2122,120725405.25725952
2123,163394376.0667848
2124,3570458.742553565
2125,4379973.997058843
2126,5303676.390063695
2127,6057513.341398586
2128,10570225.243378205
2129,11847667.2332482
2130,60069622.685066774
2131,49951503.02727448
2132,102582936.2120293
2133,87341024.3193471
2134,133086271.98525614
2135,100631660.0029901
2136,847695.4202466633
2137,723483.1436676827
2138,1131736.526987696
2139,982303.7938635012
2140,1568426.731347871
2141,1270396.1627451058
2142,6503056.302016541
2143,7964537.827669725
2144,14559362.350691564
2145,8408787.350294055
2146,14640032.284844965
2147,24613297.910243034
2148,11051496.780324219
2149,21973376.931229923
2150,28597284.00085307
2151,35756179.01946734
2152,50890567.797509894
2153,73327762.71125938
2154,16448079.02501008
2155,29396118.286333185
2156,38409729.10924068
2157,6331461.5605211
2158,4940737.718776055
2159,10696415.055077018
2160,10034068.018298611
2161,13271042.572667282
2162,13538019.446802743
2163,3061305.6928335233
2164,5544640.522601413
2165,6811135.876527022
2166,14583098.0612083
2167,31368643.24946717
2168,40914499.87530609
2169,9997037.706866128
2170,19445228.9953149
2171,25259281.627097636
2172,1295051.9102993154
2173,4926017.530920948
2174,6822211.807243969
2175,20457383.140652347
2176,32475841.858577296
2177,36744500.935156524
2178,23696111.95353354
2179,36197439.56483184
2180,44744843.238608435
2181,7486039.610212948
2182,15272385.887324423
2183,12762241.162342478
2184,32353337.731975563
2185,17811175.99826797
2186,45073818.42629353
2187,5643263.635523012
2188,11407522.420783881
2189,16214485.861791778
2190,11024404.599360015
2191,17963987.320480835
2192,24916580.01406224
2193,11032010.467324568
2194,9773527.781779103
2195,18099628.98000949
2196,18056235.033068635
2197,32701713.00990411
2198,28562250.392921336
2199,11339417.817790534
2200,11630208.372363638
2201,11716149.77114999
2202,11667114.918712214
2203,16075104.734268019
2204,15295921.296628043
2205,17858185.451748163
2206,16073728.152921017
2207,18653119.78066051
2208,18291633.595279332
2209,21056895.56423184
2210,21185649.974610712
2211,23461239.65136098
2212,45079906.71631917
2213,44221174.843496606
2214,4165398.512306882
2215,2993545.663177306
2216,6494533.5772203645
2217,4706214.571146309
2218,9722616.127668994
2219,6343483.349482926
2220,2562354.278507937
2221,4453758.842282407
2222,5823671.488502662
2223,9989322.894234499
2224,11978956.126768336
2225,18714509.69635554
2226,12903561.469510658
2227,21735860.698288314
2228,28918451.826892644
2229,16324072.80928674
2230,12910643.397955753
2231,23940627.495208964
2232,22565496.839980114
2233,31074742.508991085
2234,31662599.926798344
2235,17691950.989932142
2236,33826163.62941664
2237,45716803.507547155
2238,2900727.444838344
2239,5235142.272833867
2240,6726136.161388224
2241,36472073.67189474
2242,57147327.6971984
2243,66033381.28582622
2244,2889863.381631205
2245,5368756.839988282
2246,7502547.135637449
2247,10507548.676059166
2248,17593278.03348186
2249,21746245.00736928
2250,10650278.278855607
2251,22714730.502466884
2252,28853845.53239473
2253,15635637.843376255
2254,27986248.4235687
2255,34560627.2981003
2256,13449629.023197215
2257,21149400.157012954
2258,26252729.464526888
2259,19113927.970704682
2260,30924834.82210885
2261,34543751.37723329
2262,7616945.621496009
2263,11795358.910594765
2264,13437279.761315286
2265,19731731.070340745
2266,17773517.22979014
2267,24551219.411977526
2268,4156425.090054961
2269,4113326.9037075657
2270,6044547.177118973
2271,6191511.518453886
2272,10186599.63786066
2273,11445041.627126511
2274,53747614.253014594
2275,60688772.16956207
2276,61221173.92630426
2277,118179818.34623376
2278,130809231.47821294
2279,137630524.62975335
2280,178306708.34986824
2281,185824407.51635817
2282,195073889.0945592
2283,14992785.09279468
2284,24691106.273070343
2285,29438097.61138562
2286,15146777.882647317
2287,20474505.331936702
2288,21658846.82443539
2289,7159156.326806378
2290,13486272.015309637
2291,4580754.782727387
2292,9143431.249690648
2293,12227261.884501701
2294,10352075.163802236
2295,17414050.47340112
2296,17519701.09132271
2297,27853624.31468875
2298,3031811.5228741853
2299,7829102.846823597
2300,12302061.372497559
2301,13877180.667758722
2302,21781929.856539845
2303,28690887.934837893
2304,12415216.676477883
2305,21538851.839614592
2306,27449320.543010786
2307,6250234.831482043
2308,6250234.831482043
2309,9767115.8048906
2310,9767115.8048906
2311,11821154.34839323
2312,11821154.34839323
2313,11754560.621884692
2314,24195712.824294508
2315,28988171.216694552
2316,4747522.146378107
2317,6509392.886814697
2318,4525208.117834901
2319,4645849.765507474
2320,11248578.896828825
2321,13415676.659968004
2322,10601876.818400504
2323,10132931.940295126
2324,12791136.292925563
2325,15731524.786054108
2326,12222032.204684839
2327,12352743.531090949
2328,7761207.175224767
2329,6267072.192009856
2330,13463304.995433051
2331,11984362.865084551
2332,18427402.65637634
2333,15420681.468775697
2334,14449247.106474807
2335,24352724.516352586
2336,29549275.9362889
2337,4990720.660676207
2338,3118997.0798911955
2339,9164595.928388957
2340,5741519.101869762
2341,10586482.450588506
2342,6693840.659695091
2343,11873964.346740909
2344,17683168.63120168
2345,24654208.07948654
2346,13419896.723074188
2347,20523856.309278592
2348,24216560.93887473
2349,3757270.957741729
2350,6987931.048463816
2351,3782603.2855855217
2352,7571950.575243951
2353,15169046.753281476
2354,9692444.090674412
2355,11992252.649590787
2356,24261105.99621885
2357,14144301.435420606
2358,29274206.463892426
2359,25255189.8047315
2360,59938443.6327467
2361,48055252.359110296
2362,86036041.86699226
2363,69311731.31901297
2364,28593511.759981684
2365,53947495.01080212
2366,78886161.04175416
2367,17276853.489882328
2368,28684277.70127455
2369,33023238.589775667
2370,9063403.725423476
2371,9754227.078010987
2372,5844810.696881838
2373,20373345.659018252
2374,21559316.74512267
2375,10495153.05950663
2376,24474471.47061094
2377,27948683.8321693
2378,12446307.620475292
2379,12433387.570837274
2380,24208774.609110557
2381,26363767.74938843
2382,5694453.765786432
2383,7548171.698109821
2384,12362115.513165036
2385,4196879.833555029
2386,4830783.640231978
2387,8669607.473817987
2388,9661948.87193153
2389,16335152.48689593
2390,22769261.18632893
2391,12911794.747978544
2392,25462510.275507122
2393,35935880.08628948
2394,77196504.59378247
2395,130377596.50920591
2396,158002495.76645762
2397,41003588.782393165
2398,69263110.89569698
2399,88615458.37690134
2400,3108999.508986973
2401,5709902.767664108
2402,8116824.316774335
2403,23882663.54956318
2404,40394816.085390456
2405,43506896.20697707
2406,19379618.838339344
2407,48752722.05281851
2408,20425809.25050655
2409,151053418.71109116
2410,38164136.26135814
2411,37657856.06009697
2412,35394896.25085275
2413,69040861.1310079
2414,51169354.744549505
2415,225429679.21892837
2416,88134220.67706731
2417,90571559.78345335
2418,49282245.758863494
2419,100516006.19218495
2420,74371658.23339733
2421,318494120.2326603
2422,122671845.3518939
2423,128036526.19666195
2424,4782284.012498343
2425,6713122.845564874
2426,4625375.796211887
2427,4780029.342145008
2428,11321169.762563445
2429,14375968.338338746
2430,11290704.197878256
2431,10956951.212467626
2432,13920838.620966524
2433,18584205.88400266
2434,13365335.808708265
2435,14059505.76982371
2436,17212747.913103927
2437,19899837.22080452
2438,30367617.250287257
2439,28023135.11000205
2440,39362509.90209292
2441,35832085.666003704
2442,16039540.327055128
2443,28066352.680141006
2444,33945561.24907684
2445,13349792.337381437
2446,22274243.063175622
2447,28130228.07632824
2448,26186509.726773314
2449,45023849.649270415
2450,55600680.064398766
2451,15743409.83670486
2452,31238013.395364612
2453,7055358.244533929
2454,11311938.936019098
2455,6993722.237729674
2456,13231818.030139793
2457,20987113.32067515
2458,12520914.100776961
2459,16927310.602949873
2460,25377413.768197
2461,14751274.063455094
2462,5451102.205110197
2463,10820970.694958843
2464,16853552.226664387
2465,67197801.44122306
2466,53030655.903143376
2467,128234091.93557861
2468,103704575.96212693
2469,159097572.01443756
2470,134556773.21501258
2471,4207480.103808932
2472,4113028.9583475506
2473,6553424.78840511
2474,6531320.359597205
2475,10512411.10059328
2476,11306239.441036241
2477,6434129.895751124
2478,13585992.731128154
2479,12616348.159927238
2480,459263.0762243901
2481,463013.5336306364
2482,866100.3164293048
2483,921888.066112218
2484,1640509.2840419903
2485,1710569.6457107381
2486,27297292.143429026
2487,41861811.25205833
2488,65480557.884316176
2489,26081787.69383756
2490,46206071.558296874
2491,59149231.45962015
2492,5325236.351360587
2493,5502523.208652923
2494,8449403.712309768
2495,9448316.149878873
2496,9230353.366856359
2497,10526908.275620943
2498,9751614.606083948
2499,10735581.963817347
2500,8974346.906323427
2501,12933174.706983626
2502,17171024.27441845
2503,22844445.259150557
2504,21028014.145476613
2505,27834236.271719508
2506,4012971.325553581
2507,4034196.4374327934
2508,6566631.696983752
2509,6614563.370379184
2510,12271293.607897183
2511,12699379.687534593
2512,61799073.90678041
2513,48919134.199548274
2514,116840371.73872924
2515,96317369.4567836
2516,169817017.66335398
2517,133068210.45645362
2518,11745387.219997786
2519,24790441.7782963
2520,30713993.194324642
2521,14339225.243567556
2522,24453777.777596556
2523,31371247.50724592
2524,36190924.00411119
2525,33157617.71551036
2526,57779293.71080862
2527,55333696.707928896
2528,88203191.27314097
2529,83767851.20581912
2530,6851816.356315214
2531,5335411.688455692
2532,11832856.323599253
2533,10405220.667177536
2534,13911549.705461776
2535,13815794.07196927
2536,8202966.131169402
2537,9086079.545236655
2538,15117900.686148763
2539,13808208.12367731
2540,22641886.128249425
2541,17656101.437245283
2542,21287541.437850565
2543,38772821.88937016
2544,45422788.501542404
2545,10354068.808259344
2546,17532360.78607653
2547,24714527.556290008
2548,8269692.691813377
2549,16291817.265434772
2550,13548914.459546244
2551,35031800.14728354
2552,18658974.255104993
2553,44786076.28068182
2554,15368397.648501977
2555,27881179.49233278
2556,31456135.080174457
2557,9277944.725082073
2558,12228359.205994992
2559,8377578.286896276
2560,14582160.3724831
2561,24201003.2520577
2562,14650592.921882994
2563,22726981.476574957
2564,30325775.32291515
2565,15345491.38649797
2566,27678018.969562583
2567,37676055.07377544
2568,13490169.058308695
2569,19106506.12608249
2570,20052739.40229048
2571,36252437.33607018
2572,28678931.352310076
2573,48448381.3809114
2574,7400289.114194227
2575,7400289.114194227
2576,11666979.713164456
2577,11666979.713164456
2578,14787795.047931377
2579,14787795.047931377
2580,19334229.319627818
2581,31801716.474388383
2582,35278298.94258173
2583,14846620.276211057
2584,27903124.079006232
2585,33738793.70501314
2586,231649.5783774819
2587,538330.5540058038
2588,880480.818825964
2589,672032.0250068363
2590,700526.8554550217
2591,826874.5201313408
2592,14696233.325399954
2593,24754845.242199786
2594,30972209.66202383
2595,74783175.40836613
2596,139416421.49446848
2597,1370638.6991376493
2598,5182821.94398742
2599,6357405.498215498
2600,15244881.12746451
2601,19476317.282640085
2602,25168995.110428993
2603,27044139.314403296
2604,38030785.7923101
2605,53232456.24689312
2606,19889160.904437765
2607,30547305.129440147
2608,37875638.61884947
2609,11648583.344714276
2610,10219425.307444515
2611,19026127.713321116
2612,18904230.495439857
2613,34206441.23262736
2614,29536283.813004855
2615,6704799.821757771
2616,11874016.754736157
2617,7410782.227627518
2618,11976658.353906855
2619,21279260.418032166
2620,12443652.831133228
2621,13788587.324945811
2622,21253450.701411545
2623,12052757.16076487
2624,5736002.468194959
2625,7318977.992085999
2626,9669659.236320013
2627,11207989.995820398
2628,11411912.367820691
2629,12541497.408846337
2630,9096188.591032652
2631,18816254.344093714
2632,31189612.033403628
2633,11462872.920272963
2634,23221778.536344387
2635,29501585.258191116
2636,62913990.17059922
2637,91298809.75284508
2638,126939157.91841745
2639,47702926.88891499
2640,76638952.29710336
2641,91593753.91074568
2642,16626731.913109748
2643,28257871.214585137
2644,31030137.816232312
2645,25011589.711416543
2646,39106742.42519546
2647,46345300.71790021
2648,3147024.6864599218
2649,5639518.195326902
2650,7394213.131408896
2651,235105336.81360778
2652,140019442.55622685
2653,141206889.23949724
2654,89317718.35327354
2655,89317718.35327354
2656,88535691.0891542
2657,556785396.4855442
2658,316162817.134444
2659,316162817.134444
2660,185567767.8847025
2661,185567767.8847025
2662,185657077.0954991
2663,14602097.052822256
2664,6330681.964531336
2665,30047880.210667826
2666,15156262.483836275
2667,40497704.46779263
2668,19427016.056012306
2669,20885814.33088324
2670,30398067.946446594
2671,38632484.34487094
2672,766076.830034161
2673,692980.6130217118
2674,1641488.4638855406
2675,1444992.7446073415
2676,2836403.3654397936
2677,2590411.014901451
2678,31394926.995064497
2679,26469118.49713537
2680,63235295.04398671
2681,51664744.91584262
2682,90895647.3575097
2683,76829107.4071608
2684,14424161.452389592
2685,25163762.176249057
2686,34189564.79060824
2687,36771839.53922672
2688,35205114.18659499
2689,59015419.470209405
2690,57380695.11648926
2691,86197163.70605844
2692,81997369.65617009
2693,15136815.708231658
2694,25919234.128391005
2695,27193742.798888303
2696,3348016.1668349113
2697,3162544.3352313484
2698,3648693.0536043295
2699,6742660.544987432
2700,6237080.996359459
2701,7867808.690191904
2702,9022161.834298052
2703,7811585.383081183
2704,9932973.82097063
2705,7865958.497360941
2706,7160871.212562797
2707,8881055.464762932
2708,7148503.474612137
2709,6612964.002664866
2710,8163750.055701394
2711,8338932.609228057
2712,7590078.211091219
2713,9323937.20040204
2714,12387860.568655055
2715,19310505.396789618
